LMH03f,G,V,Y,S,V,S,S,F,E,A,S,P,R,G,E,F,I,E,Q,A,T,T,Q,E,C,D,F,T,P,M,L,T,G,T,P,P,P,I,Y,N,F,K,R,L,V,F,T,N,C,N,Y,N,L,T,K,L,L,S,L,F,Q,V,S,E,F,S,C,H,Q,V,S,P,S,S,L,A,T,G,C,Y,S,S,L,T,V,D,Y,F,A,Y,S,T,D,M,S,S,Y,L,Q,P,G,S,A,G,A,I,V,Q,F,N,Y,K,Q,D,F,S,N,P,T,C,R,V,L,A,T,V,P,Q,N,L,T,T,I,T,K,P,S,N,Y,A,Y,L,T,E,C,Y,K,T,S,A,Y,G,K,N,Y,L,Y,N,A,P,G,A,Y,T,P,C,L,S,L,A,S,R,G,F,S,T,K,Y,Q,S,H,S,-,-,-,-,D,G,E,-,L,T,T,T,G,Y,I,Y,P,V,T,G,N,L,Q,M,A,F,I,I,S,V,Q,Y,G,T,D,T,N,S,V,C,P,M,Q,,,,,,,,,,,,,,,,,,,,,,,,,,
16s,G,V,Y,S,V,S,S,F,E,A,S,P,R,G,E,F,I,E,Q,A,T,T,Q,E,C,D,F,T,P,M,L,T,G,T,P,P,P,I,Y,N,F,K,R,L,V,F,T,N,C,N,Y,N,L,T,K,L,L,S,L,F,Q,V,S,E,F,S,C,H,Q,V,S,P,S,S,L,A,T,G,C,Y,S,S,L,T,V,D,Y,F,A,Y,S,T,D,M,S,S,Y,L,Q,P,G,S,A,G,E,I,V,Q,F,N,Y,K,Q,D,F,S,N,P,T,C,R,V,L,A,T,V,P,Q,N,L,T,T,I,T,K,P,S,N,Y,A,Y,L,T,E,C,Y,K,T,S,A,Y,G,K,N,Y,L,Y,N,A,P,G,G,Y,T,P,C,L,S,L,A,S,R,G,F,S,T,K,Y,Q,S,H,S,-,-,-,-,D,G,E,-,L,T,T,T,G,Y,I,Y,P,V,T,G,N,L,Q,M,A,F,I,I,S,V,Q,Y,G,T,D,T,N,S,V,C,P,M,Q,,,,,,,,,,,,,,,,,,,,,,,,,,
19s,G,V,Y,S,V,S,S,F,E,A,S,P,R,G,E,F,I,E,Q,A,T,T,Q,E,C,D,F,T,P,M,L,T,G,T,P,P,P,I,Y,N,F,K,R,L,V,F,T,N,C,N,Y,N,L,T,K,L,L,S,L,F,Q,V,S,E,F,S,C,H,Q,V,S,P,S,S,L,A,T,G,C,Y,S,S,L,T,V,D,Y,F,A,Y,S,T,D,M,S,S,Y,L,Q,P,G,S,A,G,E,I,V,Q,F,N,Y,K,Q,D,F,S,N,P,T,C,R,V,L,A,T,V,P,Q,N,L,T,T,I,T,K,P,S,N,Y,A,Y,L,T,E,C,Y,K,T,S,A,Y,G,K,N,Y,L,Y,N,A,P,G,G,Y,T,P,C,L,S,L,A,S,R,G,F,S,T,K,Y,Q,S,H,S,-,-,-,-,D,G,E,-,L,T,T,T,G,Y,I,Y,P,V,T,G,N,L,Q,M,A,F,I,I,S,V,Q,Y,G,T,D,T,N,S,V,C,P,M,Q,,,,,,,,,,,,,,,,,,,,,,,,,,
GX2017-Q282,G,V,Y,S,V,S,S,F,E,A,S,P,R,G,E,F,I,E,Q,A,T,T,E,E,C,D,F,T,P,M,L,T,G,T,P,P,P,I,Y,N,F,K,R,L,V,F,T,N,C,N,Y,N,L,T,K,L,L,S,L,F,E,V,S,E,F,S,C,H,R,V,S,P,S,S,L,A,T,G,C,Y,S,S,L,T,V,D,Y,F,A,Y,S,T,D,M,S,S,Y,L,Q,P,G,S,A,G,E,I,V,Q,F,N,Y,K,Q,D,F,S,N,P,T,C,R,V,L,A,T,V,P,Q,N,L,T,T,I,T,K,P,S,N,Y,A,Y,L,T,E,C,Y,K,T,S,A,Y,G,K,N,Y,L,Y,N,A,P,G,G,Y,T,P,C,L,S,L,A,S,R,G,F,S,T,K,Y,Q,S,H,S,-,-,-,-,D,G,D,-,L,I,T,T,G,Y,I,Y,P,V,T,G,N,L,Q,M,A,F,I,I,S,V,Q,Y,G,T,D,T,N,S,V,C,P,M,Q,,,,,,,,,,,,,,,,,,,,,,,,,,
21s,G,V,Y,S,V,S,S,F,E,A,S,P,R,G,E,F,I,E,Q,A,T,T,Q,E,C,D,F,T,P,M,L,S,G,T,P,P,P,I,Y,D,F,K,R,L,V,F,T,N,C,N,Y,N,L,T,K,L,L,S,L,F,Q,V,S,E,F,S,C,H,Q,V,S,P,S,S,L,A,T,G,C,Y,S,S,L,T,V,D,Y,F,A,Y,S,T,D,M,S,S,Y,L,Q,P,G,S,A,G,E,I,V,Q,F,N,Y,K,Q,D,F,S,S,P,T,C,R,V,L,A,T,V,P,T,N,L,T,S,I,T,K,P,S,N,Y,A,Y,L,T,E,C,Y,K,T,S,A,Y,G,K,N,Y,L,Y,N,A,P,G,G,Y,T,P,C,L,S,L,A,S,R,G,F,S,T,K,Y,Q,S,H,S,-,-,-,-,D,G,E,-,L,T,T,T,G,Y,V,Y,P,V,T,G,N,L,Q,M,A,F,I,I,S,V,Q,Y,G,T,D,T,N,S,V,C,P,M,Q,,,,,,,,,,,,,,,,,,,,,,,,,,
22s,G,V,Y,S,V,S,S,F,E,A,S,P,R,G,E,F,I,E,Q,A,V,T,Q,E,C,D,F,T,P,M,L,T,G,T,P,P,P,I,Y,D,F,K,R,L,V,F,T,N,C,N,Y,N,L,T,K,L,L,S,L,F,Q,V,S,E,F,S,C,H,Q,V,S,P,S,S,L,A,T,G,C,Y,S,S,L,T,V,D,Y,F,A,Y,S,T,D,M,S,S,Y,L,Q,P,G,S,A,G,E,I,V,Q,F,N,Y,K,Q,D,F,S,N,P,T,C,R,V,L,A,T,V,P,Q,N,L,T,T,I,T,K,P,S,N,Y,A,Y,L,T,E,C,Y,K,T,S,A,Y,G,K,N,Y,L,Y,N,A,P,G,G,Y,T,P,C,L,S,L,A,S,R,G,F,S,T,K,Y,Q,S,H,S,-,-,-,-,D,G,E,-,L,T,T,T,G,Y,I,Y,P,V,N,G,N,L,Q,M,A,F,I,I,S,V,Q,Y,G,T,D,T,N,S,V,C,P,M,Q,,,,,,,,,,,,,,,,,,,,,,,,,,
32s,G,V,Y,S,V,S,S,F,E,A,S,P,R,G,E,F,I,E,Q,A,T,T,E,E,C,D,F,T,P,M,L,T,G,T,P,P,P,I,Y,N,F,K,R,L,V,F,T,N,C,N,Y,N,L,T,K,L,L,S,L,F,Q,V,S,D,F,S,C,H,Q,V,S,P,S,S,L,A,T,G,C,Y,S,S,L,T,V,D,Y,F,A,Y,S,T,D,M,S,S,Y,L,Q,P,G,S,A,G,E,I,V,Q,F,N,Y,K,Q,D,F,S,N,P,T,C,R,V,L,A,T,V,P,T,N,L,T,T,I,T,K,P,S,N,Y,A,Y,L,T,E,C,Y,K,T,S,A,Y,G,K,N,Y,L,Y,N,A,P,G,G,Y,T,P,C,L,S,L,A,S,R,G,F,S,T,K,Y,Q,S,H,S,-,-,-,-,D,G,E,-,L,T,T,T,G,Y,I,Y,P,V,T,G,N,L,Q,M,A,F,I,I,S,V,Q,Y,G,T,D,T,N,S,V,C,P,M,Q,,,,,,,,,,,,,,,,,,,,,,,,,,
GD2013,G,V,Y,S,V,S,S,F,E,A,S,P,R,G,E,F,I,E,Q,A,V,T,E,E,C,D,F,T,P,M,L,T,G,T,P,P,P,I,Y,N,F,K,R,L,V,F,T,N,C,N,Y,N,L,T,K,L,L,S,L,F,Q,V,S,E,F,S,C,H,Q,V,S,P,S,S,L,A,T,G,C,Y,S,S,L,T,V,D,Y,F,A,Y,S,T,D,M,S,S,Y,L,Q,P,G,S,A,G,E,I,V,Q,F,N,Y,K,Q,D,F,S,N,P,T,C,R,V,L,A,T,V,P,Q,N,L,T,T,I,T,K,P,S,N,Y,A,Y,L,T,E,C,Y,K,T,T,A,Y,G,K,N,Y,L,Y,N,A,P,G,G,Y,T,P,C,L,S,L,A,S,R,G,F,S,I,K,Y,Q,S,H,S,-,-,-,-,D,G,E,-,L,T,T,T,G,Y,I,Y,P,V,N,G,N,L,Q,M,A,F,I,I,S,V,Q,Y,G,T,D,T,N,S,V,C,P,M,Q,,,,,,,,,,,,,,,,,,,,,,,,,,
GD2016-Q267,G,V,Y,S,V,S,S,F,E,A,S,P,R,G,E,F,I,E,Q,A,T,T,E,E,C,D,F,T,P,M,L,T,G,T,P,P,P,I,Y,D,F,K,R,L,V,F,T,N,C,N,Y,N,L,T,K,L,L,S,L,F,Q,V,S,E,F,S,C,H,Q,V,S,P,S,S,L,A,T,G,C,Y,S,S,L,T,V,D,Y,F,A,Y,S,T,A,M,S,S,Y,L,Q,P,G,S,A,G,E,I,V,Q,F,N,Y,K,Q,D,F,S,N,P,T,C,R,V,L,A,T,V,P,Q,N,L,T,T,I,A,K,P,S,N,Y,A,Y,L,T,E,C,Y,K,T,S,A,Y,G,K,N,Y,L,Y,N,A,P,G,G,Y,T,P,C,L,S,L,A,S,R,G,F,S,T,K,Y,Q,S,H,S,-,-,-,-,D,G,E,-,L,T,T,T,G,Y,I,Y,P,V,T,G,N,L,Q,M,V,F,I,I,S,V,Q,Y,G,T,D,T,N,S,V,C,P,M,Q,,,,,,,,,,,,,,,,,,,,,,,,,,
GD2017-Q269,G,V,Y,S,V,S,S,F,E,A,S,P,R,G,E,F,I,E,Q,A,T,T,E,E,C,D,F,T,P,M,L,T,G,T,P,P,P,I,Y,D,F,K,R,L,V,F,T,N,C,N,Y,N,L,T,K,L,L,S,L,F,Q,V,S,E,F,S,C,H,Q,V,S,P,S,S,L,A,T,G,C,Y,S,S,L,T,V,D,Y,F,A,Y,S,T,A,M,S,S,Y,L,Q,P,G,S,A,G,E,I,V,Q,F,N,Y,K,Q,D,F,S,N,P,T,C,R,V,L,A,T,V,P,Q,N,L,T,T,I,A,K,P,S,N,Y,A,Y,L,T,E,C,Y,K,T,S,A,Y,G,K,N,Y,L,Y,N,A,P,G,G,Y,T,P,C,L,S,L,A,S,R,G,F,S,T,K,Y,Q,S,H,S,-,-,-,-,D,G,E,-,L,T,T,T,G,Y,I,Y,P,V,T,G,N,L,Q,M,V,F,I,I,S,V,Q,Y,G,T,D,T,N,S,V,C,P,M,Q,,,,,,,,,,,,,,,,,,,,,,,,,,
BY140562,G,V,Y,S,V,S,S,F,E,A,S,P,R,G,E,F,I,E,Q,A,T,T,E,E,C,D,F,T,P,M,L,T,G,T,P,P,P,I,Y,N,F,K,R,L,V,F,T,N,C,N,Y,N,L,T,K,L,L,S,L,F,Q,V,S,E,F,S,C,H,Q,V,S,P,S,S,L,A,T,G,C,Y,S,S,L,T,V,D,Y,F,A,Y,S,T,E,M,S,S,Y,L,Q,P,G,S,A,G,E,I,G,Q,F,N,Y,K,Q,D,F,S,N,P,T,C,R,V,L,A,T,V,P,Q,N,L,T,T,I,T,K,P,S,N,Y,A,Y,L,T,E,C,Y,K,T,S,S,Y,G,K,N,Y,L,Y,N,A,P,G,G,Y,T,P,C,L,S,L,A,S,R,G,F,S,T,K,Y,Q,S,Y,S,-,-,-,-,D,G,E,-,L,T,T,T,G,Y,V,Y,P,V,S,G,N,L,Q,M,A,F,I,I,S,V,Q,Y,G,T,D,T,N,S,V,C,P,M,Q,,,,,,,,,,,,,,,,,,,,,,,,,,
30s,G,V,Y,S,V,S,S,F,E,A,S,P,R,G,E,F,I,E,Q,A,T,T,A,E,C,D,F,T,P,M,L,T,G,I,P,P,P,I,Y,D,F,K,R,L,V,F,T,N,C,N,Y,N,L,T,K,L,L,S,L,F,H,V,S,E,F,S,C,H,Q,V,S,P,S,S,L,A,T,G,C,Y,S,S,L,T,V,D,Y,F,A,Y,S,T,D,M,S,S,Y,L,Q,Q,G,S,A,G,E,I,V,Q,F,N,Y,K,Q,D,F,S,N,P,T,C,R,V,L,A,T,V,P,Q,N,L,T,T,I,T,R,P,S,N,Y,A,Y,L,T,E,C,Y,K,I,S,A,Y,G,K,N,Y,L,Y,N,A,P,G,G,Y,T,P,C,L,S,L,A,S,R,G,F,S,N,K,H,Q,S,H,S,-,-,-,-,D,G,N,-,L,T,T,T,G,Y,I,Y,P,V,N,G,N,L,Q,M,A,F,I,I,S,V,Q,Y,G,T,D,T,N,S,V,C,P,M,Q,,,,,,,,,,,,,,,,,,,,,,,,,,
YD13403,G,V,Y,S,V,S,S,F,E,A,S,P,R,G,E,F,I,E,Q,A,T,T,Q,E,C,D,F,T,P,M,L,S,G,T,P,P,P,I,Y,N,F,K,R,L,V,F,T,N,C,N,Y,N,L,T,K,L,L,S,L,F,Q,V,S,E,F,S,C,H,Q,V,S,P,S,S,L,A,T,G,C,Y,S,S,L,T,V,D,Y,F,A,Y,S,T,D,M,S,S,Y,L,Q,P,G,S,A,G,E,I,V,Q,F,N,Y,K,Q,D,F,S,N,P,T,C,R,V,L,A,T,V,P,Q,N,L,T,T,I,T,K,P,S,N,Y,A,Y,L,T,E,C,Y,K,T,S,A,Y,G,K,N,Y,L,Y,N,A,P,G,G,Y,T,P,C,L,S,L,A,S,R,G,F,S,T,T,Y,Q,S,H,S,-,-,-,-,D,G,G,-,L,T,T,T,G,Y,I,Y,P,V,T,G,N,L,Q,M,A,F,I,I,S,V,Q,Y,G,T,D,T,N,S,V,C,P,M,Q,,,,,,,,,,,,,,,,,,,,,,,,,,
HI2019-Q281,G,V,Y,S,V,S,S,F,E,A,S,P,R,G,E,F,I,E,Q,S,V,T,K,E,C,D,F,T,P,M,L,T,G,I,P,P,P,I,Y,D,F,K,R,L,V,F,T,N,C,N,Y,N,L,T,K,L,L,S,L,F,Q,V,S,E,F,S,C,H,Q,V,S,P,S,S,L,A,T,G,C,Y,S,S,L,T,V,D,Y,F,A,Y,S,T,D,M,S,S,Y,L,Q,P,G,S,A,G,E,I,V,H,F,N,Y,K,Q,D,F,S,N,P,T,C,R,V,L,A,T,V,P,Q,N,L,T,T,I,T,K,P,S,N,Y,A,Y,L,T,E,C,Y,K,S,T,A,Y,G,K,N,Y,L,Y,N,A,P,G,G,Y,T,P,C,L,S,L,A,S,R,G,F,S,T,K,Y,Q,T,H,S,-,-,-,-,D,G,E,-,L,T,T,T,G,Y,I,Y,P,V,S,G,N,L,Q,M,A,F,I,I,S,V,Q,Y,G,T,D,T,N,S,V,C,P,M,Q,,,,,,,,,,,,,,,,,,,,,,,,,,
BY140568,G,V,Y,S,V,S,S,F,E,A,S,P,R,G,E,F,I,E,Q,A,T,T,E,E,C,D,F,T,P,M,L,T,G,T,P,P,P,I,Y,N,F,K,R,L,V,F,T,N,C,N,Y,N,L,T,K,L,L,S,L,F,E,V,S,E,F,S,C,H,R,V,S,P,S,S,L,A,T,G,C,Y,S,S,L,T,V,D,Y,F,A,Y,S,T,D,M,S,S,Y,L,Q,P,G,S,A,G,E,I,V,Q,F,N,Y,K,Q,D,F,S,N,P,T,C,R,V,L,A,T,V,P,Q,N,L,T,S,I,T,K,P,S,N,Y,V,H,L,T,E,C,Y,K,S,T,A,Y,G,K,N,Y,L,Y,N,A,P,G,G,Y,T,P,C,L,S,L,A,S,S,G,F,S,R,D,R,Q,S,H,S,Q,E,L,P,D,G,S,F,L,T,T,T,G,S,V,Y,S,V,P,S,N,L,Q,M,A,F,I,I,S,V,Q,Y,G,T,D,T,N,S,V,C,P,M,Q,,,,,,,,,,,,,,,,,,,,,,,,,,
GD2018-Q254,G,V,Y,S,V,S,S,F,E,A,S,P,R,G,E,F,I,E,Q,A,T,T,E,E,C,D,F,T,P,M,L,T,G,T,P,P,P,I,Y,N,F,K,R,L,V,F,T,N,C,N,Y,N,L,T,K,L,L,S,L,F,E,V,S,E,F,S,C,H,R,V,S,P,S,S,L,A,T,G,C,Y,S,S,L,T,V,D,Y,F,A,Y,S,T,D,M,S,S,Y,L,Q,P,G,S,A,G,E,I,V,Q,F,N,Y,K,Q,D,F,S,N,P,T,C,R,V,L,A,T,V,P,Q,N,L,T,S,I,T,K,P,S,N,Y,V,H,L,T,E,C,Y,K,S,T,A,Y,G,K,N,Y,L,Y,N,A,P,G,G,Y,T,P,C,L,S,L,A,S,S,G,F,S,R,D,R,Q,S,H,S,Q,E,L,P,D,G,S,F,L,T,T,T,G,S,V,Y,S,V,P,S,N,L,Q,M,A,F,I,I,S,V,Q,Y,G,T,D,T,N,S,V,C,P,M,Q,,,,,,,,,,,,,,,,,,,,,,,,,,
BY140535,G,V,Y,S,V,S,S,F,E,A,S,P,R,G,E,F,I,E,Q,A,T,T,Q,E,C,D,F,S,P,M,L,T,G,T,P,P,P,I,Y,D,F,K,R,L,V,F,T,N,C,N,Y,N,L,T,K,L,L,S,L,F,Q,V,S,E,F,S,C,H,Q,V,S,P,S,S,L,A,T,G,C,Y,S,S,L,T,V,D,Y,F,S,Y,P,T,S,M,S,S,Y,L,Q,P,G,S,A,G,E,I,V,Q,F,N,Y,K,Q,D,F,S,N,P,T,C,R,V,L,A,T,V,P,Q,N,L,T,S,I,T,K,P,S,N,Y,V,H,L,T,E,C,Y,K,F,I,A,H,G,K,N,Y,L,Y,N,A,P,G,G,Y,T,P,C,L,S,L,A,S,S,G,F,S,R,D,R,Q,S,H,S,Q,E,L,P,D,G,S,F,L,T,T,T,G,S,V,Y,S,V,G,S,N,F,Q,M,A,F,I,I,S,V,Q,Y,G,T,D,T,N,S,V,C,P,M,Q,,,,,,,,,,,,,,,,,,,,,,,,,,
TT03f,G,V,Y,S,V,S,S,F,E,A,S,P,R,G,E,F,I,E,Q,A,T,T,Q,E,C,D,F,T,P,M,L,T,G,T,P,P,P,I,Y,D,F,K,R,L,V,F,T,N,C,N,Y,N,L,T,K,L,L,S,L,F,Q,V,S,E,F,S,C,H,Q,V,S,P,S,S,L,A,T,G,C,Y,S,S,L,T,V,D,Y,F,A,Y,S,T,D,M,S,S,Y,L,Q,P,G,S,A,G,E,I,V,Q,F,N,Y,K,Q,D,F,S,N,P,T,C,R,V,L,A,T,V,P,T,N,L,T,T,I,T,K,S,S,N,Y,V,H,L,T,E,C,Y,K,S,T,A,Y,G,K,N,Y,L,Y,N,A,P,G,G,Y,T,P,C,L,S,L,A,S,R,G,F,T,T,N,R,Q,S,H,S,L,E,L,P,D,G,Y,-,L,V,T,T,G,S,V,Y,P,V,N,G,N,L,Q,M,A,F,I,I,S,V,Q,Y,G,T,D,T,N,S,V,C,P,M,Q,,,,,,,,,,,,,,,,,,,,,,,,,,
TT06f,G,V,Y,S,V,S,S,F,E,A,S,P,R,G,E,F,I,E,Q,A,T,T,Q,E,C,D,F,T,P,M,L,T,G,T,P,P,P,I,Y,D,F,K,R,L,V,F,T,N,C,N,Y,N,L,T,K,L,L,S,L,F,Q,V,S,E,F,S,C,H,Q,V,S,P,S,S,L,A,T,G,C,Y,S,S,L,T,V,D,Y,F,A,Y,S,T,D,M,S,S,Y,L,Q,P,G,S,A,G,E,I,V,Q,F,N,Y,K,Q,D,F,S,N,P,T,C,R,V,L,A,T,V,P,T,N,L,T,T,I,T,K,S,S,N,Y,V,H,L,T,E,C,Y,K,S,T,A,Y,G,K,N,Y,L,Y,N,A,P,G,G,Y,T,P,C,L,S,L,A,S,R,G,F,T,T,N,R,Q,S,H,S,L,E,L,P,D,G,Y,-,L,V,T,T,G,S,V,Y,P,V,N,G,N,L,Q,M,A,F,I,I,S,V,Q,Y,G,T,D,T,N,S,V,C,P,M,Q,,,,,,,,,,,,,,,,,,,,,,,,,,
TT07f,G,V,Y,S,V,S,S,F,E,A,S,P,R,G,E,F,I,E,Q,A,T,T,Q,E,C,D,F,T,P,M,L,T,G,T,P,P,P,I,Y,D,F,K,R,L,V,F,T,N,C,N,Y,N,L,T,K,L,L,S,L,F,Q,V,S,E,F,S,C,H,Q,V,S,P,S,S,L,A,T,G,C,Y,S,S,L,T,V,D,Y,F,A,Y,S,T,D,M,S,S,Y,L,Q,P,G,S,A,G,E,I,V,Q,F,N,Y,K,Q,D,F,S,N,P,T,C,R,V,L,A,T,V,P,T,N,L,T,T,I,T,K,S,S,N,Y,V,H,L,T,E,C,Y,K,S,T,A,Y,G,K,N,Y,L,Y,N,A,P,G,G,Y,T,P,C,L,S,L,A,S,R,G,F,T,T,N,R,Q,S,H,S,L,E,L,P,D,G,Y,-,L,V,T,T,G,S,V,Y,P,V,N,G,N,L,Q,M,A,F,I,I,S,V,Q,Y,G,T,D,T,N,S,V,C,P,M,Q,,,,,,,,,,,,,,,,,,,,,,,,,,
31s,G,V,Y,S,V,S,S,F,E,A,S,P,R,G,E,F,I,E,Q,T,T,T,R,E,C,D,F,T,P,M,L,S,G,T,P,P,P,I,Y,N,F,K,R,L,V,F,T,N,C,N,Y,N,L,T,K,L,L,S,L,F,Q,V,S,E,F,S,C,H,Q,V,S,P,S,S,L,A,T,G,C,Y,S,S,L,T,V,D,Y,F,A,Y,S,S,D,M,S,S,Y,L,Q,P,G,S,A,G,E,I,V,Q,F,N,Y,K,Q,D,F,S,N,P,T,C,R,V,L,A,T,V,P,N,N,L,T,T,I,T,K,P,S,N,Y,A,Y,L,T,E,C,Y,K,T,T,E,Y,G,K,N,Y,L,Y,N,A,P,G,G,Y,T,P,C,L,S,L,A,S,R,G,F,S,N,K,Y,Q,S,H,S,-,-,-,-,D,G,E,-,L,T,T,T,G,Y,I,Y,P,V,N,G,N,L,Q,M,A,F,I,I,S,V,Q,Y,G,T,D,T,N,S,V,C,P,M,Q,,,,,,,,,,,,,,,,,,,,,,,,,,
GD2017-Q264,G,V,Y,S,V,S,S,F,E,A,S,P,R,G,E,F,I,E,Q,A,T,T,E,E,C,D,F,T,P,M,L,T,G,T,P,P,P,I,Y,N,F,K,R,L,V,F,T,N,C,N,Y,N,L,T,K,L,L,S,L,F,E,V,S,E,F,S,C,H,R,V,S,P,S,S,L,A,T,G,C,Y,S,S,L,T,V,D,Y,F,A,Y,S,T,D,M,S,S,Y,L,Q,P,G,S,T,G,E,I,A,Q,F,N,Y,K,Q,D,F,S,N,P,T,C,R,V,L,A,T,V,P,Q,N,I,T,T,I,T,K,P,S,N,Y,A,Y,L,T,E,C,Y,K,T,S,A,Y,G,K,T,Y,L,Y,N,A,P,G,G,Y,T,P,C,L,S,L,A,S,H,G,F,S,I,K,H,Q,S,H,S,-,-,-,-,D,G,E,-,L,T,T,T,G,Y,I,Y,P,V,N,G,N,L,Q,M,A,F,I,I,S,V,Q,Y,G,T,D,T,N,S,V,C,P,M,Q,,,,,,,,,,,,,,,,,,,,,,,,,,
18s,G,V,Y,S,V,S,S,F,E,A,S,P,R,G,E,F,I,E,Q,S,V,T,K,E,C,D,F,S,P,M,L,T,G,T,P,P,P,I,Y,D,F,K,R,L,V,F,T,N,C,N,Y,N,L,T,K,L,L,S,L,F,Q,V,S,E,F,S,C,H,Q,V,S,P,S,S,L,A,T,G,C,Y,S,S,L,T,V,D,Y,F,A,Y,S,T,D,M,S,S,Y,L,Q,P,G,S,A,G,E,I,V,Q,F,N,Y,K,Q,D,F,S,N,P,T,C,R,V,L,A,T,V,P,T,N,L,T,T,I,T,K,P,S,N,Y,V,H,L,T,E,C,Y,K,S,T,A,Y,G,K,N,Y,L,F,N,A,P,G,G,Y,T,P,C,L,S,L,A,S,S,G,F,S,R,D,R,Q,S,H,S,Q,E,L,P,D,G,S,F,L,T,T,T,G,S,V,Y,S,V,G,S,N,L,Q,M,A,F,I,I,S,V,Q,Y,G,T,D,T,N,S,V,C,P,M,Q,,,,,,,,,,,,,,,,,,,,,,,,,,
20s,G,V,Y,S,V,S,S,F,E,A,S,P,R,G,E,F,I,E,Q,S,V,T,K,E,C,D,F,S,P,M,L,T,G,T,P,P,P,I,Y,D,F,K,R,L,V,F,T,N,C,N,Y,N,L,T,K,L,L,S,L,F,Q,V,S,E,F,S,C,H,Q,V,S,P,S,S,L,A,T,G,C,Y,S,S,L,T,V,D,Y,F,A,Y,S,T,D,M,S,S,Y,L,Q,P,G,S,A,G,E,I,V,Q,F,N,Y,K,Q,D,F,S,N,P,T,C,R,V,L,A,T,V,P,T,N,L,T,T,I,T,K,P,S,N,Y,V,H,L,T,E,C,Y,I,S,T,A,Y,G,K,N,Y,L,F,N,A,P,G,G,Y,T,P,C,L,S,L,A,S,S,G,F,S,R,D,R,Q,S,H,S,Q,E,L,P,D,G,S,F,L,T,T,T,G,S,V,Y,S,V,G,S,N,L,Q,M,A,F,I,I,S,V,Q,Y,G,T,D,T,N,S,V,C,P,M,Q,,,,,,,,,,,,,,,,,,,,,,,,,,
33s,G,V,Y,S,V,S,S,F,E,A,S,P,R,G,E,F,I,E,Q,A,T,T,E,E,C,D,F,T,P,M,L,T,G,T,P,P,P,I,Y,D,F,K,R,L,V,F,T,N,C,N,Y,N,L,T,K,L,L,S,L,F,Q,V,S,E,F,S,C,H,Q,V,S,P,S,S,L,A,T,G,C,Y,S,S,L,T,V,D,Y,F,S,Y,P,T,S,M,S,S,Y,L,Q,P,G,S,A,G,E,I,V,Q,F,N,Y,K,Q,D,F,S,N,P,T,C,R,V,L,A,T,V,P,Q,N,L,T,S,I,T,K,P,S,N,Y,V,H,L,T,E,C,Y,K,F,T,A,Y,G,K,N,Y,L,Y,N,A,P,G,G,Y,T,P,C,L,S,L,A,S,S,G,F,S,R,D,R,Q,S,H,S,Q,E,L,P,D,G,S,F,L,T,T,T,G,S,V,Y,S,V,G,A,N,F,Q,M,A,F,I,I,S,V,Q,Y,G,T,D,T,N,S,V,C,P,M,Q,,,,,,,,,,,,,,,,,,,,,,,,,,
26s,G,V,Y,S,V,S,S,F,E,A,S,P,R,G,E,F,I,E,Q,S,V,T,K,E,C,D,F,S,P,M,L,T,G,T,P,P,P,I,Y,D,F,K,R,L,V,F,T,N,C,N,Y,N,L,T,K,L,L,S,L,F,Q,V,S,E,F,S,C,H,Q,V,S,P,S,S,L,A,T,G,C,Y,S,S,L,T,V,D,Y,F,A,Y,S,T,D,M,S,S,Y,L,Q,P,G,S,A,G,E,I,V,Q,F,N,Y,K,Q,D,F,S,N,P,T,C,R,V,L,A,T,V,P,T,N,L,T,T,I,T,K,P,S,N,Y,V,H,L,T,E,C,Y,K,S,T,A,Y,G,K,N,Y,L,F,N,A,P,G,G,Y,T,P,C,L,S,L,A,S,S,G,F,S,R,D,R,Q,S,H,S,Q,E,L,P,D,G,S,F,L,T,T,T,G,S,V,Y,S,V,G,S,N,L,Q,M,A,F,I,I,S,V,Q,Y,G,T,D,T,N,S,V,C,P,M,Q,,,,,,,,,,,,,,,,,,,,,,,,,,
27s,G,V,Y,S,V,S,S,F,E,A,S,P,R,G,E,F,I,E,Q,S,V,T,K,E,C,D,F,S,P,M,L,T,G,T,P,P,P,I,Y,D,F,K,R,L,V,F,T,N,C,N,Y,N,L,T,K,L,L,S,L,F,Q,V,S,E,F,S,C,H,Q,V,S,P,S,S,L,A,T,G,C,Y,S,S,L,T,V,D,Y,F,A,Y,S,T,D,M,S,S,Y,L,Q,P,G,S,A,G,E,I,V,Q,F,N,Y,K,Q,D,F,S,N,P,T,C,R,V,L,A,T,V,P,T,N,L,T,T,I,T,K,P,S,N,Y,V,H,L,T,E,C,Y,K,G,T,A,Y,G,K,N,Y,L,F,N,A,P,G,G,Y,T,P,C,L,S,L,A,S,S,G,F,S,R,D,R,Q,S,H,S,Q,E,L,P,D,G,S,F,L,T,T,T,G,S,V,Y,S,V,G,S,N,L,Q,M,A,F,I,I,S,V,Q,Y,G,T,D,T,N,S,V,C,P,M,Q,,,,,,,,,,,,,,,,,,,,,,,,,,
28s,G,V,Y,S,V,S,S,F,E,A,S,P,R,G,E,F,I,E,Q,S,V,T,K,E,C,D,F,S,P,M,L,T,G,T,P,P,P,I,Y,D,F,K,R,L,V,F,T,N,C,N,Y,N,L,T,K,L,L,S,L,F,Q,V,S,E,F,S,C,H,Q,V,S,P,S,S,L,A,T,G,C,Y,S,S,L,T,V,D,Y,F,A,Y,S,T,D,M,S,S,Y,L,Q,P,G,S,A,G,E,I,V,Q,F,N,Y,K,Q,D,F,S,N,P,T,C,R,V,L,A,T,V,P,T,N,L,T,T,I,T,K,P,S,N,Y,V,H,L,T,E,C,Y,K,S,T,A,Y,G,K,N,Y,L,F,N,A,P,G,G,Y,T,P,C,L,S,L,A,S,S,G,F,S,R,D,R,Q,S,H,S,Q,E,L,P,D,G,S,F,L,T,T,T,G,S,V,Y,S,V,G,S,N,L,Q,M,A,F,I,I,S,V,Q,Y,G,T,D,T,N,S,V,C,P,M,Q,,,,,,,,,,,,,,,,,,,,,,,,,,
GX2017-Q271,G,V,Y,S,V,S,S,F,E,A,S,P,R,G,E,F,I,E,Q,A,I,S,K,E,C,D,F,S,P,M,L,Q,G,T,P,P,P,I,Y,D,F,K,R,L,V,F,T,N,C,N,Y,N,L,T,K,L,L,N,L,F,Q,V,S,E,F,S,C,H,Q,V,S,P,S,S,L,A,T,G,C,Y,S,S,L,T,V,D,Y,F,A,Y,S,S,D,M,S,S,Y,L,Q,P,G,S,A,G,E,I,V,Q,F,N,Y,K,Q,D,F,S,N,P,T,C,R,V,L,A,T,V,P,N,N,I,T,T,I,A,K,P,S,N,Y,A,Y,L,T,E,C,Y,K,S,T,A,Y,G,K,N,Y,L,Y,N,A,P,G,G,Y,T,P,C,L,S,L,A,S,R,G,F,S,S,K,Y,Q,S,H,S,-,-,-,-,D,G,S,-,L,T,T,T,G,Y,I,Y,P,V,T,G,N,L,Q,M,A,F,I,I,S,V,Q,Y,G,T,D,T,N,S,V,C,P,M,Q,,,,,,,,,,,,,,,,,,,,,,,,,,
GD2017-Q268,G,V,Y,S,V,S,S,F,E,A,S,P,R,G,E,F,I,E,Q,S,V,T,K,E,C,D,F,S,P,M,L,T,G,T,P,P,P,I,Y,D,F,K,R,L,V,F,T,N,C,N,Y,N,L,T,K,L,L,S,L,F,Q,V,S,E,F,S,C,H,Q,V,S,P,S,S,L,A,T,G,C,Y,S,S,L,T,V,D,Y,F,A,Y,S,S,D,M,S,S,Y,L,Q,P,G,S,T,G,G,I,V,Q,F,N,Y,K,Q,D,F,S,N,P,T,C,R,V,L,A,T,V,P,N,N,L,T,T,I,T,K,P,S,N,Y,A,Y,L,T,E,C,Y,K,T,T,A,Y,G,K,N,Y,L,Y,N,A,P,G,G,Y,T,P,C,L,S,L,A,S,R,G,F,S,T,N,Y,Q,S,R,S,-,-,-,-,D,G,E,-,L,T,T,T,G,Y,I,Y,P,V,S,G,N,L,Q,M,A,F,I,I,S,V,Q,Y,G,T,D,T,N,S,V,C,P,M,Q,,,,,,,,,,,,,,,,,,,,,,,,,,
GD2017-Q263,G,V,Y,S,V,S,S,F,E,A,S,P,R,G,E,F,I,E,Q,S,K,S,E,E,C,D,F,T,K,M,L,S,G,T,P,P,Q,I,Y,D,F,K,R,L,V,F,T,N,C,N,Y,N,L,T,K,L,L,S,L,F,Q,V,S,E,F,S,C,H,E,V,S,P,S,S,L,A,T,G,C,Y,S,S,L,T,V,D,Y,F,V,Y,P,T,D,M,S,S,Y,L,Q,P,G,S,T,G,G,I,V,Q,F,N,Y,K,Q,D,F,S,N,P,T,C,R,V,L,A,T,V,P,N,N,L,T,T,I,T,K,P,S,N,Y,A,Y,L,T,E,C,Y,K,T,T,A,Y,G,K,N,Y,L,Y,N,A,P,G,G,Y,T,P,C,L,S,L,A,S,R,G,F,S,T,N,Y,Q,S,R,S,-,-,-,-,D,G,E,-,L,T,T,T,G,Y,I,Y,P,V,S,G,N,L,Q,M,A,F,I,I,S,V,Q,Y,G,T,D,T,N,S,V,C,P,M,Q,,,,,,,,,,,,,,,,,,,,,,,,,,
GD2017-Q262,G,V,Y,S,V,S,S,F,E,A,S,P,R,G,E,F,I,E,Q,S,K,S,E,E,C,D,F,T,K,M,L,S,G,T,P,P,Q,I,Y,D,F,K,R,L,V,F,T,N,C,N,Y,N,L,T,K,L,L,S,L,F,Q,V,S,E,F,S,C,H,E,V,S,P,S,S,L,A,T,G,C,Y,S,S,L,T,V,D,Y,F,V,Y,P,T,D,M,S,S,Y,L,Q,P,G,S,A,G,E,I,V,Q,F,N,Y,K,Q,D,F,S,N,P,T,C,R,V,L,A,T,V,P,N,N,F,T,T,I,T,K,P,S,N,Y,A,Y,L,T,E,C,Y,K,T,T,A,Y,G,K,N,Y,L,Y,N,A,P,G,A,Y,T,P,C,L,S,L,A,L,R,G,F,T,S,N,H,Q,S,H,S,Q,E,L,L,D,G,Y,-,L,V,T,T,G,S,V,Y,P,I,K,G,N,L,Q,M,A,F,I,I,S,V,Q,Y,G,T,D,T,N,S,V,C,P,M,Q,,,,,,,,,,,,,,,,,,,,,,,,,,
JX2020-Q261,G,V,Y,S,V,S,S,F,E,A,S,P,R,G,E,F,I,E,Q,S,K,S,E,E,C,D,F,T,K,M,L,S,G,T,P,P,Q,I,Y,D,F,K,R,L,V,F,T,N,C,N,Y,N,L,T,K,L,L,S,L,F,Q,V,S,E,F,S,C,H,E,V,S,P,S,S,L,A,T,G,C,Y,S,S,L,T,V,D,Y,F,V,Y,P,T,D,M,S,S,Y,L,Q,P,G,S,T,G,E,I,V,Q,F,N,Y,K,Q,D,L,S,S,P,T,C,R,V,L,A,T,V,P,S,N,L,T,T,S,I,K,P,S,N,Y,V,H,L,T,E,C,Y,K,S,T,A,Y,G,K,N,Y,L,Y,N,A,P,G,G,Y,T,P,C,L,S,L,A,S,R,G,F,S,T,D,R,Q,S,H,S,L,E,L,S,D,G,S,Y,L,T,T,T,G,S,V,Y,P,V,N,G,N,L,Q,M,A,F,I,I,S,V,Q,Y,G,T,D,T,N,S,V,C,P,M,Q,,,,,,,,,,,,,,,,,,,,,,,,,,
JX2020-Q260,G,V,Y,S,V,S,S,F,E,A,S,P,R,G,E,F,I,E,Q,S,K,S,E,E,C,D,F,T,K,M,L,S,G,T,P,P,Q,I,Y,D,F,K,R,L,V,F,T,N,C,N,Y,N,L,T,K,L,L,S,L,F,Q,V,S,E,F,S,C,H,E,V,S,P,S,S,L,A,T,G,C,Y,S,S,L,T,V,D,Y,F,V,Y,P,T,D,M,S,S,Y,L,Q,P,G,S,A,G,E,I,V,Q,F,N,Y,N,Q,D,F,S,S,P,T,C,R,V,L,A,T,V,P,N,N,L,T,T,I,T,K,P,S,N,Y,V,H,L,T,E,C,Y,K,S,T,A,Y,G,K,N,Y,L,Y,N,A,P,G,G,Y,T,P,C,L,T,L,A,A,R,G,F,S,S,D,R,Q,S,H,S,Q,E,L,S,D,G,Y,-,L,V,T,T,G,S,V,Y,A,V,N,G,N,L,Q,M,A,F,I,I,S,V,Q,Y,G,T,D,T,N,S,V,C,P,M,Q,,,,,,,,,,,,,,,,,,,,,,,,,,
GZ2019-Q272,G,V,Y,S,V,S,S,F,E,A,S,P,R,G,E,F,I,E,Q,A,T,S,K,E,C,D,F,S,P,M,L,Q,G,T,P,P,P,I,Y,D,F,K,R,L,V,F,T,N,C,N,Y,N,L,T,K,L,L,S,L,F,Q,V,S,E,F,S,C,H,Q,V,S,P,S,S,L,A,T,G,C,Y,S,S,L,T,V,D,Y,F,A,Y,S,T,D,M,S,S,Y,L,Q,P,G,S,A,G,E,I,V,Q,F,N,Y,K,Q,D,F,S,N,P,T,C,R,V,L,A,T,V,P,N,N,L,T,S,I,I,K,P,S,N,Y,V,H,L,T,E,C,Y,K,S,T,V,Y,G,K,N,Y,L,Y,N,A,P,G,G,Y,T,P,C,L,S,L,A,S,R,G,F,S,S,D,R,Q,S,H,S,Q,E,L,P,D,G,Y,-,L,V,T,T,G,S,V,Y,R,V,N,G,N,L,Q,M,A,F,I,I,S,V,Q,Y,G,T,D,T,N,S,V,C,P,M,Q,,,,,,,,,,,,,,,,,,,,,,,,,,
JX2020-Q276,G,V,Y,S,V,S,S,F,E,A,S,P,R,G,E,F,I,E,Q,S,K,S,E,E,C,D,F,T,K,M,L,S,G,T,P,P,Q,I,Y,D,F,K,R,L,V,F,T,N,C,N,Y,N,L,T,K,L,L,S,L,F,Q,V,S,E,F,S,C,H,E,V,S,P,S,S,L,A,T,G,C,Y,S,S,L,T,V,D,Y,F,V,Y,P,T,D,M,S,S,Y,L,Q,P,G,S,T,G,Q,I,V,Q,F,N,Y,K,Q,D,F,S,N,P,T,C,R,V,L,A,T,V,P,N,N,I,T,T,I,A,K,P,S,N,Y,V,Y,L,T,E,C,Y,R,Q,T,A,F,G,K,T,P,L,Y,N,Q,P,G,D,Y,T,P,C,L,S,L,A,S,R,G,F,S,S,N,Y,Q,T,H,T,Q,E,M,P,D,G,Q,T,L,S,V,T,G,Y,R,V,T,M,T,S,Q,L,Q,M,A,F,I,I,S,V,K,Y,G,T,D,T,N,S,V,C,P,M,Q,,,,,,,,,,,,,,,,,,,,,,,,,,
JX2020-Q259,G,V,Y,S,V,S,S,F,E,A,S,P,R,G,E,F,I,E,Q,S,K,S,E,E,C,D,F,T,K,M,L,S,G,T,P,P,Q,I,Y,D,F,K,R,L,V,F,T,N,C,N,Y,N,L,T,K,L,L,S,L,F,Q,V,S,E,F,S,C,H,E,V,S,P,S,S,L,A,T,G,C,Y,S,S,L,T,V,D,Y,F,V,Y,P,T,D,M,S,S,Y,L,Q,P,G,S,T,G,Q,I,V,Q,F,N,Y,K,Q,D,F,S,N,P,T,C,R,V,L,A,T,V,P,N,N,I,T,S,I,A,K,P,S,N,Y,V,Y,L,T,E,C,Y,R,Q,T,A,Y,G,K,T,P,L,Y,N,Q,P,G,D,Y,T,P,C,L,F,L,A,S,R,G,F,S,S,N,Y,Q,T,H,T,Q,E,M,P,D,G,Q,T,L,G,V,T,G,Y,R,V,S,M,T,S,Q,L,Q,M,A,F,I,I,S,V,K,Y,G,T,D,T,N,S,V,C,P,M,Q,,,,,,,,,,,,,,,,,,,,,,,,,,
ZJ2010-Q280,G,V,Y,S,V,S,S,F,E,A,S,P,R,G,E,F,I,E,Q,S,K,S,E,E,C,D,F,T,K,M,L,S,G,T,P,P,Q,I,Y,D,F,K,R,L,V,F,T,N,C,N,Y,N,L,T,K,L,L,S,L,F,Q,V,S,E,F,S,C,H,E,V,S,P,S,S,L,A,T,G,C,Y,S,S,L,T,V,D,Y,F,A,Y,P,L,D,M,S,S,Y,L,Q,P,G,S,T,G,Q,I,V,Q,F,N,Y,K,Q,D,F,S,N,P,T,C,R,V,L,A,T,V,P,N,N,I,T,S,I,I,K,P,S,N,Y,V,Y,L,T,E,C,Y,R,Q,N,A,Y,G,K,N,Y,L,Y,N,S,P,G,D,Y,T,P,C,L,S,L,A,S,R,G,F,S,S,N,Y,Q,N,H,V,Q,E,T,-,S,G,A,Y,L,G,V,T,G,Y,R,V,S,M,T,P,Q,L,Q,M,A,F,I,I,S,V,K,Y,G,T,D,T,N,S,V,C,P,M,Q,,,,,,,,,,,,,,,,,,,,,,,,,,
JX2020-Q257,G,V,Y,S,V,S,S,F,E,A,S,P,R,G,E,F,I,E,Q,S,K,S,E,E,C,D,F,T,K,M,L,S,G,T,P,P,Q,I,Y,D,F,K,R,L,V,F,T,N,C,N,Y,N,L,T,K,L,L,S,L,F,Q,V,S,E,F,S,C,H,E,V,S,P,S,S,L,A,T,G,C,Y,S,S,L,T,V,D,Y,F,V,Y,P,T,D,M,S,S,Y,L,Q,P,G,S,T,G,Q,I,V,Q,F,N,Y,K,Q,D,F,S,N,P,T,C,R,V,L,A,T,V,P,N,N,I,T,T,I,A,K,P,S,N,Y,V,Y,L,T,E,C,Y,Q,Q,T,A,Y,G,K,T,F,L,Y,N,Q,P,G,D,Y,T,P,C,L,S,L,A,S,R,G,F,S,S,N,Y,Q,T,H,T,Q,E,M,P,N,G,Q,I,L,S,V,T,G,Y,R,V,S,M,T,P,Q,L,Q,M,A,F,I,I,S,V,K,Y,G,T,D,T,N,S,V,C,P,M,Q,,,,,,,,,,,,,,,,,,,,,,,,,,
JX2020-Q279,G,V,Y,S,V,S,S,F,E,A,A,P,R,G,E,F,I,E,Q,A,T,S,K,E,C,D,F,S,P,M,L,Q,G,T,P,P,P,I,Y,D,F,K,R,L,V,F,T,N,C,N,Y,N,L,T,K,L,L,N,L,F,Q,V,S,E,F,S,C,H,Q,V,S,P,S,S,L,A,T,G,C,Y,S,S,L,T,V,D,Y,F,A,Y,S,S,D,M,S,S,Y,L,Q,P,G,S,A,G,E,I,V,Q,F,N,Y,K,Q,D,F,S,S,P,T,C,R,V,L,A,T,V,P,T,N,L,T,S,I,T,K,P,I,N,Y,A,Y,L,T,E,C,Y,K,T,T,A,Y,G,K,N,Y,L,Y,N,A,P,G,G,Y,T,P,C,L,S,L,A,S,R,G,F,S,N,K,Y,Q,S,H,T,-,-,-,-,D,G,N,-,L,V,T,T,G,Y,I,Y,P,V,Q,G,N,L,Q,M,A,F,I,I,S,V,Q,Y,G,T,D,T,N,S,V,C,P,M,Q,,,,,,,,,,,,,,,,,,,,,,,,,,
JX2020-Q273,G,V,Y,S,V,S,S,F,E,A,A,P,R,G,E,F,I,E,Q,A,T,S,K,E,C,D,F,S,P,M,L,Q,G,T,P,P,P,I,Y,D,F,K,R,L,V,F,T,N,C,N,Y,N,L,T,K,L,L,N,L,F,Q,V,S,E,F,S,C,H,Q,V,S,P,S,S,L,A,T,G,C,Y,S,S,L,T,V,D,Y,F,A,Y,S,S,D,M,S,S,Y,L,Q,P,G,S,A,G,E,I,V,Q,F,N,Y,K,Q,D,F,S,N,P,T,C,R,V,L,A,T,V,P,T,N,L,T,S,I,T,K,P,S,N,Y,A,Y,L,T,E,C,Y,K,T,T,A,Y,G,K,N,Y,L,Y,N,A,P,G,G,Y,T,P,C,L,S,L,A,S,R,G,F,S,N,K,Y,Q,S,H,T,-,-,-,-,D,G,N,-,L,V,T,T,G,Y,I,Y,P,V,N,G,N,L,Q,M,A,F,I,I,S,V,Q,Y,G,T,D,T,N,S,V,C,P,M,Q,,,,,,,,,,,,,,,,,,,,,,,,,,
JX2020-Q256,G,V,Y,S,V,S,S,F,E,A,S,P,R,G,E,F,I,E,Q,A,T,T,E,E,C,D,F,T,P,M,L,T,G,T,P,P,P,I,Y,N,F,K,R,L,V,F,T,N,C,N,Y,N,L,T,K,L,L,S,L,F,E,V,S,E,F,S,C,H,R,V,S,P,S,S,L,A,T,G,C,Y,S,S,L,T,V,D,Y,F,A,Y,S,T,D,M,S,S,Y,L,Q,P,G,S,A,G,E,I,V,Q,F,N,Y,K,Q,D,F,S,N,P,T,C,R,V,L,A,T,V,P,T,N,L,T,S,I,T,K,P,S,N,Y,A,Y,L,T,E,C,Y,K,T,T,A,Y,G,K,N,Y,L,Y,N,A,P,G,G,Y,T,P,C,L,S,L,A,S,R,G,F,S,N,K,Y,Q,S,H,T,-,-,-,-,D,G,N,-,L,V,T,T,G,Y,I,Y,P,V,N,G,N,L,Q,M,A,F,I,I,S,V,Q,Y,G,T,D,T,N,S,V,C,P,M,Q,,,,,,,,,,,,,,,,,,,,,,,,,,
JX2020-Q258,G,V,Y,S,V,S,S,F,E,A,S,P,R,G,E,F,I,E,Q,A,T,T,E,E,C,D,F,T,P,M,L,T,G,T,P,P,P,I,Y,N,F,K,R,L,V,F,T,N,C,N,Y,N,L,T,K,L,L,S,L,F,Q,V,S,E,F,S,C,H,Q,V,S,P,S,S,L,A,T,G,C,Y,S,S,L,T,V,D,Y,F,A,Y,S,T,E,M,S,S,Y,L,Q,P,G,S,A,G,E,I,G,Q,F,N,Y,K,Q,D,F,S,N,P,T,C,R,V,L,A,T,V,P,N,N,I,T,S,I,A,K,P,S,N,Y,V,Y,L,T,E,C,Y,R,Q,T,A,Y,G,K,T,P,L,Y,N,Q,P,G,D,Y,T,P,C,L,S,L,A,S,R,G,F,Q,S,N,Y,Q,T,H,T,Q,E,M,P,D,G,Q,F,L,G,V,T,G,Y,R,V,T,M,T,S,Q,L,Q,M,A,F,I,I,S,V,K,Y,G,T,D,T,N,S,V,C,P,M,Q,,,,,,,,,,,,,,,,,,,,,,,,,,
JX2020-Q274,G,V,Y,S,V,S,S,F,E,A,S,P,R,G,E,F,I,E,Q,S,S,S,P,E,C,D,F,T,K,M,L,T,G,T,P,P,Q,V,Y,N,F,N,R,M,V,F,T,N,C,N,Y,N,L,T,K,L,L,N,L,F,Q,V,S,E,F,S,C,H,Q,V,S,P,S,S,L,A,T,G,C,Y,S,S,L,T,V,D,Y,F,A,F,P,L,E,M,S,S,Y,M,Q,T,G,S,A,G,P,I,R,Q,F,N,Y,N,Q,D,F,S,N,P,T,C,R,V,L,A,S,V,P,S,N,Y,T,L,L,K,K,P,G,N,Y,V,H,L,T,E,C,Y,K,G,G,Y,A,G,K,Q,Y,L,D,T,K,P,G,E,Y,T,P,C,L,Q,L,A,N,R,G,F,S,Q,S,G,Q,S,H,S,I,E,L,P,S,G,E,F,Q,T,A,T,G,Y,V,I,P,M,T,D,L,L,Q,M,A,F,I,I,S,V,Q,Y,G,T,D,T,N,S,V,C,P,M,Q,,,,,,,,,,,,,,,,,,,,,,,,,,
JX2020-Q278,G,V,Y,S,V,S,S,F,E,A,S,P,R,G,E,F,I,E,Q,S,S,S,P,E,C,D,F,T,K,M,L,N,G,T,P,P,Q,V,Y,N,F,N,R,M,V,F,T,N,C,N,Y,N,L,T,K,L,L,N,L,F,Q,V,S,E,F,S,C,H,Q,V,S,P,S,S,L,A,T,G,C,Y,S,S,L,T,V,D,Y,F,A,F,P,L,E,M,S,S,Y,M,Q,T,G,S,A,G,P,I,R,Q,F,N,Y,N,Q,D,F,S,N,P,T,C,R,V,L,A,S,V,P,S,N,Y,T,L,L,K,K,P,G,N,Y,V,H,L,T,E,C,Y,K,G,G,Y,A,G,K,Q,Y,L,D,T,R,P,G,E,Y,T,P,C,L,Q,L,A,N,L,G,F,S,R,S,G,Q,S,H,S,I,E,L,P,S,G,E,F,Q,T,A,T,G,Y,V,I,P,M,T,D,L,L,Q,M,A,F,I,I,S,V,Q,Y,G,T,D,T,N,S,V,C,P,M,Q,,,,,,,,,,,,,,,,,,,,,,,,,,
HI2019-Q253,G,V,Y,S,V,S,S,F,E,A,S,P,R,G,E,F,I,E,Q,S,S,S,P,E,C,D,F,T,K,M,L,N,G,T,P,P,Q,V,Y,N,F,N,R,M,V,F,T,N,C,N,Y,N,L,T,K,L,L,N,L,F,Q,V,S,E,F,S,C,H,Q,V,S,P,S,S,L,A,T,G,C,Y,S,S,L,T,V,D,Y,F,A,F,P,L,E,M,S,S,Y,M,Q,T,G,S,A,G,P,I,R,Q,F,N,Y,N,Q,D,F,S,N,P,T,C,R,V,L,A,S,V,P,S,N,Y,T,L,L,K,K,P,G,N,Y,V,H,L,T,E,C,Y,K,G,G,Y,A,G,K,Q,Y,L,D,T,R,P,G,E,Y,T,P,C,L,Q,L,A,N,L,G,F,S,R,S,G,Q,S,H,S,I,E,L,P,S,G,E,F,Q,T,A,T,G,Y,V,I,P,M,T,D,L,L,Q,M,A,F,I,I,S,V,Q,Y,G,T,D,T,N,S,V,C,P,M,Q,,,,,,,,,,,,,,,,,,,,,,,,,,
HI2019-Q252,G,V,Y,S,V,S,S,F,E,A,S,P,R,G,E,F,I,E,Q,S,S,S,P,E,C,D,F,T,K,M,L,N,G,T,P,P,Q,V,Y,N,F,N,R,M,V,F,T,N,C,N,Y,N,L,T,K,L,L,N,L,F,Q,V,S,E,F,S,C,H,Q,V,S,P,S,S,L,A,T,G,C,Y,S,S,L,T,V,D,Y,F,A,F,P,L,E,M,S,S,Y,M,Q,T,G,S,A,G,P,I,R,Q,F,N,Y,N,Q,D,F,S,N,P,T,C,R,V,L,A,S,V,P,S,N,Y,T,L,L,K,K,P,G,N,Y,V,H,L,T,E,C,Y,K,G,G,Y,A,G,K,Q,Y,L,D,T,R,P,G,E,Y,T,P,C,L,Q,L,A,N,L,G,F,S,R,S,G,Q,S,H,S,I,E,L,P,S,G,E,F,Q,T,A,T,G,Y,V,I,P,M,T,D,L,L,Q,M,A,F,I,I,S,V,Q,Y,G,T,D,T,N,S,V,C,P,M,Q,,,,,,,,,,,,,,,,,,,,,,,,,,
JX2020-Q277,G,V,Y,S,V,S,S,F,E,A,S,P,R,G,E,F,I,E,Q,S,S,S,P,E,C,D,F,T,K,M,L,N,G,T,P,P,Q,V,Y,N,F,N,R,M,V,F,T,N,C,N,Y,N,L,T,K,L,L,N,L,F,Q,V,S,E,F,S,C,H,Q,V,S,P,S,S,L,A,T,G,C,Y,S,S,L,T,V,D,Y,F,A,F,P,L,E,M,S,S,Y,M,Q,T,G,S,A,G,P,I,R,Q,F,N,Y,N,Q,D,F,S,N,P,T,C,R,V,L,A,S,V,P,S,N,Y,T,L,L,K,K,P,G,N,Y,V,H,L,T,E,C,Y,K,G,G,Y,A,G,K,Q,Y,L,D,T,R,P,G,E,Y,T,P,C,L,Q,L,A,N,L,G,F,S,R,S,G,Q,S,H,S,I,E,L,P,S,G,E,F,Q,T,A,T,G,Y,V,I,P,M,T,D,L,L,Q,M,A,F,I,I,S,V,Q,Y,G,T,D,T,N,S,V,C,P,M,Q,,,,,,,,,,,,,,,,,,,,,,,,,,
YN2016-Q244,G,V,Y,S,V,S,S,F,E,A,S,P,R,G,E,F,I,E,Q,S,S,S,P,E,C,D,F,T,K,M,L,N,G,T,P,P,Q,V,Y,N,F,N,R,M,V,F,T,N,C,N,Y,N,L,T,K,L,L,N,L,L,H,L,C,D,F,S,L,H,Q,V,S,P,S,S,L,A,T,G,C,Y,S,S,L,T,V,D,Y,F,A,F,P,L,E,M,S,S,Y,M,Q,T,G,S,A,G,P,I,R,Q,F,N,Y,N,Q,D,F,S,N,P,T,C,R,V,L,A,S,V,P,S,N,Y,T,L,L,K,K,P,G,N,Y,V,H,L,T,E,C,Y,K,G,G,Y,A,G,K,Q,Y,L,D,T,R,P,G,E,Y,T,P,C,L,Q,L,A,N,L,G,F,S,R,S,G,Q,S,H,S,I,E,L,P,S,G,E,F,Q,T,A,T,G,Y,V,I,P,M,T,D,L,L,Q,M,A,F,I,I,S,V,Q,Y,G,T,D,T,N,S,V,C,P,M,Q,,,,,,,,,,,,,,,,,,,,,,,,,,
YN2016-Q245,G,V,Y,S,V,S,S,F,E,A,S,P,R,G,E,F,I,E,Q,S,S,S,P,E,C,D,F,T,K,M,L,N,G,T,P,P,Q,V,Y,N,F,N,R,M,V,F,T,N,C,N,Y,N,L,T,K,L,L,N,L,L,H,L,C,D,F,S,L,H,Q,V,S,P,S,S,L,A,T,G,C,Y,S,S,L,T,V,D,Y,F,A,F,P,L,E,M,S,S,Y,M,Q,T,G,S,A,G,Q,I,R,Q,F,N,Y,N,Q,D,F,S,N,P,T,C,R,V,L,A,S,V,P,S,N,Y,T,L,L,K,K,P,G,N,Y,V,H,L,T,E,C,Y,K,G,G,Y,A,G,K,Q,Y,L,D,T,R,P,G,E,Y,T,P,C,L,Q,L,A,N,L,G,F,S,R,S,G,Q,S,H,S,I,E,L,P,S,G,E,F,Q,T,A,T,G,Y,V,I,P,M,T,D,L,L,Q,M,A,F,I,I,S,V,Q,Y,G,T,D,T,N,S,V,C,P,M,Q,,,,,,,,,,,,,,,,,,,,,,,,,,
JX2020-Q275,G,V,Y,S,V,S,S,F,E,A,S,P,R,G,E,F,I,E,Q,S,S,S,P,E,C,D,F,T,K,M,L,T,G,T,P,P,Q,V,Y,N,F,N,R,M,V,F,T,N,C,N,Y,N,L,T,K,L,L,N,L,F,Q,V,S,E,F,S,C,H,Q,V,S,P,S,S,L,A,T,G,C,Y,S,S,L,T,V,D,Y,F,A,F,P,L,E,M,S,S,Y,M,Q,T,G,S,A,G,P,I,R,Q,F,N,Y,N,Q,D,F,S,N,P,T,C,R,V,L,A,S,V,P,S,N,Y,T,L,L,N,K,P,G,N,Y,V,H,L,T,E,C,Y,K,G,G,Y,A,G,K,Q,Y,L,D,T,K,P,G,E,Y,T,P,C,L,Q,L,A,N,L,G,F,S,R,S,G,Q,S,H,S,I,E,L,P,S,G,E,F,Q,T,A,T,G,Y,V,I,P,M,T,D,L,L,Q,M,A,F,I,I,S,V,Q,Y,G,T,D,T,N,S,V,C,P,M,Q,,,,,,,,,,,,,,,,,,,,,,,,,,
Wz_Pi.abramus_betacorona_1,G,V,Y,S,V,S,S,F,E,A,S,P,R,G,E,F,I,E,Q,S,K,S,E,E,C,D,F,T,K,M,L,S,G,T,P,P,Q,I,Y,D,F,K,R,L,V,F,T,N,C,N,Y,N,L,T,K,L,L,S,L,F,Q,V,S,E,F,S,C,H,Q,V,S,P,S,S,L,A,M,G,C,Y,S,S,L,T,V,D,Y,F,A,Y,P,L,D,M,S,S,Y,L,Q,T,G,S,T,G,Q,I,V,Q,F,N,Y,K,Q,D,F,S,N,P,T,C,R,V,L,A,T,V,P,N,N,I,T,T,I,T,K,P,S,N,Y,V,Y,L,T,E,C,Y,R,Q,N,A,X,G,K,N,Y,L,Y,N,S,P,G,D,Y,T,P,C,L,S,L,A,S,R,G,F,S,S,N,H,Q,T,H,V,Q,E,L,P,D,G,V,Y,L,G,A,T,G,Y,R,V,S,M,T,S,Q,L,Q,M,A,F,I,I,S,V,K,Y,G,T,D,T,N,S,V,C,P,M,Q,,,,,,,,,,,,,,,,,,,,,,,,,,
17s,G,V,Y,S,V,S,S,F,E,A,S,P,R,G,M,F,V,E,Q,S,T,S,E,E,C,D,F,T,K,M,L,T,G,T,P,P,Q,V,Y,N,F,N,R,M,V,F,T,N,C,N,Y,N,L,T,K,L,L,N,L,F,Q,V,S,E,F,S,C,Y,Q,V,S,P,S,S,L,A,T,G,C,Y,S,S,L,T,V,D,S,F,A,F,P,L,E,L,S,S,Y,M,Q,T,G,S,A,G,P,I,R,Q,F,N,Y,N,Q,D,F,S,K,P,T,C,R,V,L,A,S,V,P,S,N,Y,T,A,L,S,K,P,S,N,Y,V,H,L,T,E,C,Y,T,L,G,Y,S,A,K,Q,Y,H,N,T,Q,P,G,Q,Y,T,P,C,L,Q,L,A,N,Q,G,F,S,R,S,G,Q,S,N,S,V,E,L,P,S,G,E,F,K,T,A,T,G,Y,I,I,P,M,T,D,Q,L,Q,M,A,F,V,I,S,V,Q,Y,G,T,D,T,N,S,V,C,P,M,Q,,,,,,,,,,,,,,,,,,,,,,,,,,
24s,G,V,Y,S,V,S,S,F,E,A,S,P,R,G,M,F,V,E,Q,S,T,A,E,E,C,D,F,T,K,I,L,T,G,T,P,P,Q,V,Y,N,F,N,R,M,V,F,T,N,C,N,Y,N,L,T,K,L,L,N,L,F,Q,V,S,E,F,S,C,H,Q,V,S,P,S,S,L,A,T,G,C,Y,S,S,L,T,V,D,S,F,A,F,P,L,E,L,S,S,Y,M,Q,T,G,S,A,G,P,I,R,Q,F,N,Y,N,Q,D,F,S,K,P,T,C,R,V,L,A,S,V,P,S,N,Y,T,A,L,T,K,P,S,N,Y,V,H,L,T,E,C,Y,T,Q,G,H,S,S,K,Q,Y,H,N,T,Q,P,G,E,Y,T,P,C,L,Q,L,A,N,Q,G,F,S,R,S,G,Q,S,N,S,V,E,L,P,S,R,E,F,K,T,A,T,G,Y,I,I,P,M,T,D,Q,L,Q,M,A,F,V,I,S,V,Q,Y,G,T,D,T,N,S,V,C,P,M,Q,,,,,,,,,,,,,,,,,,,,,,,,,,
NV-SD-L1,G,V,Y,S,V,S,S,F,E,A,S,P,R,G,E,F,I,E,Q,S,T,A,K,E,C,D,F,S,P,M,L,Q,G,T,P,P,P,I,Y,D,F,K,R,L,V,F,T,N,C,N,Y,N,L,T,K,L,L,N,L,F,Q,V,S,E,F,S,C,H,Q,V,S,P,S,S,L,A,T,G,C,Y,S,S,L,T,V,D,Y,F,A,Y,P,T,S,M,S,S,Y,L,Q,P,G,F,A,G,E,I,V,K,F,N,Y,K,Q,D,F,S,S,P,T,C,R,V,L,A,T,V,P,S,N,L,T,T,I,T,K,P,S,N,Y,V,H,L,T,E,C,Y,K,G,T,A,Y,G,K,N,Y,L,Y,N,A,P,G,G,Y,T,P,C,L,S,L,A,S,S,G,F,S,S,D,R,Q,S,H,R,Q,Q,L,S,D,G,Y,-,L,V,T,T,G,S,V,Y,A,V,N,G,N,L,Q,M,A,F,I,I,S,V,Q,Y,G,T,D,T,N,S,V,C,P,M,Q,,,,,,,,,,,,,,,,,,,,,,,,,,
NV-SD-L2,G,V,Y,S,V,S,S,F,E,A,S,P,R,G,E,F,I,E,Q,S,T,A,K,E,C,D,F,S,P,M,L,Q,G,T,P,P,P,I,Y,D,F,K,R,L,V,F,T,N,C,N,Y,N,L,T,K,L,L,N,L,F,Q,V,S,E,F,S,C,H,Q,V,S,P,S,S,L,A,T,G,C,Y,S,S,L,T,V,D,Y,F,A,Y,P,T,S,M,S,S,Y,L,Q,P,G,F,A,G,E,I,V,K,F,N,Y,K,Q,D,F,S,S,P,T,C,R,V,L,A,T,V,P,S,N,L,T,T,I,T,K,P,S,N,Y,V,H,L,T,E,C,Y,K,G,T,A,Y,G,K,N,Y,L,Y,N,A,P,G,G,Y,T,P,C,L,S,L,A,S,S,G,F,S,S,D,R,Q,S,H,R,Q,Q,L,S,D,G,Y,-,L,V,T,T,G,S,V,Y,A,V,N,G,N,L,Q,M,A,F,I,I,S,V,Q,Y,G,T,D,T,N,S,V,C,P,M,Q,,,,,,,,,,,,,,,,,,,,,,,,,,
GD2017-Q266,G,V,Y,S,V,S,S,F,E,A,S,P,R,G,E,F,I,E,Q,S,K,S,E,E,C,D,F,T,K,M,L,S,G,T,P,P,Q,I,Y,D,F,K,R,L,V,F,T,N,C,N,Y,N,L,T,K,L,L,S,L,F,Q,V,S,E,F,S,C,H,E,V,S,P,S,S,L,A,T,G,C,Y,S,S,L,T,V,D,Y,F,V,Y,P,T,D,M,S,S,Y,L,Q,P,G,S,A,G,D,I,V,Q,F,N,Y,K,Q,D,F,S,N,P,T,C,R,V,L,A,T,V,P,T,N,L,T,T,I,T,K,P,S,N,Y,A,Y,L,T,E,C,Y,K,T,S,A,Y,G,K,N,Y,L,Y,N,A,P,G,G,Y,T,P,C,L,S,L,A,S,R,G,F,S,T,K,Y,Q,S,H,S,-,-,-,-,D,G,E,-,L,T,T,T,G,Y,I,Y,P,V,T,G,N,L,Q,M,A,F,I,I,S,V,Q,Y,G,T,D,T,N,S,V,C,P,M,Q,,,,,,,,,,,,,,,,,,,,,,,,,,